よさこい,名詞,ヨサコイ
坂本龍馬,名詞,サカモトリョウマ
龍馬,名詞,リョウマ
天空しなと屋,名詞,テンクウシナトヤ
しなと屋,名詞,シナトヤ
ところざわ,名詞,トコロザワ
舞乱,名詞,マイラン
舞華,名詞,マイカ
舞動,名詞,マイドウ
てんてこ舞,名詞,テンテコマイ
てんて鼓舞,名詞,テンテコマイ
疾風乱舞,名詞,シップウランブ
横舞伝,名詞,オウマイデン
舞っちゃげ,名詞,ブッチャゲ
會舞道,名詞,カイブドウ
舞神楽,名詞,マイカグラ
飛舞人,名詞,ヒマヒト
ど真ん中,名詞,ドマンナカ
百華夢想,名詞,ヒャッカムソウ
北海商科,名詞,ホッカイショウカ
仁双弐心,名詞,ジンソウジンシン
炎衆北斗,名詞,エンシュウホクト
ハマこい,名詞,ハマコイ
夢色歌留多,名詞,ユメイロカルタ
浪花乱風,名詞,ナニワランプウ
黒潮美遊,名詞,クロシオビユウ
十人十彩,名詞,ジュウニントイロ
十彩,名詞,トイロ
利ゑ蔵,名詞,リエゾウ
相羅,名詞,サガラ
紅塾,名詞,クレナイジュク
白里・浜っ子,名詞,シロサトハマッコ
白里,名詞,シロサト
浜っ子,名詞,ハマッコ
北里三源色,名詞,キタサトサンゲンショク
旗士,名詞,ハタシ
ゑぇじゃないか祭り,名詞,エエジャナイカマツリ
わげもん,名詞,ワゲモン
つくりもん,名詞,ツクリモン
水戸藩,名詞,ミトハン
富有樂猩,名詞,フユウラクショウ
豊中南部フェスティバル,名詞,トヨナカナンブフェスティバル
夜高舞,名詞,ヨタカマイ
緋組,名詞,アカグミ
桑芸祭,名詞,ソウゲイサイ
4K,名詞,ヨンケー
8K,名詞,ハチケー
若狭おばま,名詞,ワカサオバマ
音ら韻,名詞,オンライン
地方車,名詞,ジカタシャ
おとねこ,名詞,オトネコ
オトネコ,名詞,オトネコ
